socks-01.289.11.288,.3l5.us,43.205.13.54
socks-02.288.12.287,.3l5.us,43.205.18.10
socks-03.287.13.286,.3l5.us,43.205.33.119
socks-04.286.14.285,.3l5.us,43.205.6.4
socks-05.285.15.284,.3l5.us,43.205.83.146
socks-06.284.16.283,.3l5.us,43.205.88.245
socks-07.283.17.282,.3l5.us,43.205.9.85
socks-08.282.18.281,.3l5.us,43.205.15.100
socks-09.281.19.280,.3l5.us,43.205.28.94
socks-10.280.20.279,.3l5.us,43.205.30.39
socks-11.279.21.278,.3l5.us,43.205.152.237
socks-12.278.22.277,.3l5.us,43.205.81.162
socks-13.277.23.276,.3l5.us,43.205.151.113
socks-14.276.24.275,.3l5.us,43.205.24.156
socks-15.275.25.274,.3l5.us,43.205.35.37
socks-16.274.26.273,.3l5.us,43.205.76.9
socks-17.273.27.272,.3l5.us,43.205.180.232
socks-18.272.28.271,.3l5.us,43.205.163.56
socks-19.271.29.270,.3l5.us,43.205.152.141
socks-20.270.30.269,.3l5.us,43.205.226.36
socks-21.269.31.268,.3l5.us,43.205.102.178
socks-22.268.32.267,.3l5.us,43.205.82.169
socks-23.267.33.266,.3l5.us,43.205.63.18
socks-24.266.34.265,.3l5.us,43.205.61.0
socks-25.265.35.264,.3l5.us,43.205.54.3
socks-31.259.41.258,.3l5.us,43.205.47.168
socks-32.258.42.257,.3l5.us,43.205.164.52
socks-33.257.43.256,.3l5.us,43.205.183.76
socks-34.256.44.255,.3l5.us,43.205.51.237
socks-35.255.45.254,.3l5.us,43.205.37.87
socks-36.254.46.253,.3l5.us,43.205.13.54
socks-37.253.47.252,.3l5.us,43.205.18.10
socks-38.252.48.251,.3l5.us,43.205.33.119
socks-39.251.49.250,.3l5.us,43.205.6.4
socks-40.250.50.249,.3l5.us,43.205.83.146
socks-41.249.51.248,.3l5.us,43.205.88.245
socks-42.248.52.247,.3l5.us,43.205.9.85
socks-43.247.53.246,.3l5.us,43.205.15.100
socks-44.246.54.245,.3l5.us,43.205.28.94
socks-45.245.55.244,.3l5.us,43.205.30.39
socks-46.244.56.243,.3l5.us,43.205.152.237
socks-47.243.57.242,.3l5.us,43.205.81.162
socks-48.242.58.241,.3l5.us,43.205.151.113
socks-49.241.59.240,.3l5.us,43.205.24.156
socks-50.240.60.239,.3l5.us,43.205.35.37
socks-51.239.61.238,.3l5.us,43.205.76.9
socks-52.238.62.237,.3l5.us,43.205.180.232
socks-53.237.63.236,.3l5.us,43.205.163.56
socks-54.236.64.235,.3l5.us,43.205.152.141
socks-55.235.65.234,.3l5.us,43.205.226.36
socks-56.234.66.233,.3l5.us,43.205.102.178
socks-57.233.67.232,.3l5.us,43.205.82.169
socks-58.232.68.231,.3l5.us,43.205.63.18
socks-59.231.69.230,.3l5.us,43.205.61.0
socks-60.230.70.229,.3l5.us,43.205.54.3
socks-61.229.71.228,.3l5.us,43.205.47.168
socks-62.228.72.227,.3l5.us,43.205.164.52
socks-63.227.73.226,.3l5.us,43.205.183.76
socks-64.226.74.225,.3l5.us,43.205.51.237
socks-65.225.75.224,.3l5.us,43.205.37.87
socks-66.224.76.223,.3l5.us,43.205.13.54
socks-67.223.77.222,.3l5.us,43.205.18.10
socks-68.222.78.221,.3l5.us,43.205.33.119
socks-69.221.79.220,.3l5.us,43.205.6.4
socks-70.220.80.219,.3l5.us,43.205.83.146
any-27.47.263.37.262,.3l5.us,43.205.88.245
any-32.52.258.42.257,.3l5.us,43.205.9.85
http-36.56.254.46.99,.3l5.us,43.205.15.100
http-37.57.253.47.98,.3l5.us,43.205.28.94
http-38.58.252.48.97,.3l5.us,43.205.30.39
http-39.59.251.49.96,.3l5.us,43.205.152.237
http-40.60.250.50.95,.3l5.us,43.205.81.162
http-41.61.249.51.94,.3l5.us,43.205.151.113
http-42.62.248.52.93,.3l5.us,43.205.24.156
http-43.63.247.53.92,.3l5.us,43.205.35.37
http-44.64.246.54.91,.3l5.us,43.205.76.9
http-45.65.245.55.90,.3l5.us,43.205.180.232
http-46.66.244.56.89,.3l5.us,43.205.163.56
http-47.67.243.57.88,.3l5.us,43.205.152.141
http-48.68.242.58.87,.3l5.us,43.205.226.36
http-49.69.241.59.86,.3l5.us,43.205.102.178
http-50.70.240.60.85,.3l5.us,43.205.82.169
http-51.71.239.61.84,.3l5.us,43.205.63.18
http-52.72.238.62.83,.3l5.us,43.205.61.0
http-53.73.237.63.82,.3l5.us,43.205.54.3
http-54.74.236.64.81,.3l5.us,43.205.47.168
http-55.75.235.65.80,.3l5.us,43.205.164.52
http-56.76.234.66.79,.3l5.us,43.205.183.76
http-57.77.233.67.78,.3l5.us,43.205.51.237
http-58.78.232.68.77,.3l5.us,43.205.37.87
http-59.79.231.69.76,.3l5.us,43.205.13.54
http-60.80.230.70.75,.3l5.us,43.205.18.10
http-61.81.229.71.74,.3l5.us,43.205.33.119
http-62.82.228.72.73,.3l5.us,43.205.6.4
http-63.83.227.73.72,.3l5.us,43.205.83.146
http-64.84.226.74.71,.3l5.us,43.205.88.245
http-65.85.225.75.70,.3l5.us,43.205.9.85
http-66.86.224.76.69,.3l5.us,43.205.15.100
http-67.87.223.77.68,.3l5.us,43.205.28.94
http-68.88.222.78.67,.3l5.us,43.205.30.39
http-69.89.221.79.66,.3l5.us,43.205.152.237
http-70.90.220.80.65,.3l5.us,43.205.81.162
http-71.91.219.81.64,.3l5.us,43.205.151.113
http-72.92.218.82.63,.3l5.us,43.205.24.156
http-73.93.217.83.62,.3l5.us,43.205.35.37
http-74.94.216.84.61,.3l5.us,43.205.76.9
http-75.95.215.85.60,.3l5.us,43.205.180.232
http-76.96.214.86.59,.3l5.us,43.205.163.56
http-77.97.213.87.58,.3l5.us,43.205.152.141
http-78.98.212.88.57,.3l5.us,43.205.226.36
http-79.99.211.89.56,.3l5.us,43.205.102.178
http-80.21.210.90.55,.3l5.us,43.205.82.169
http-81.22.209.91.54,.3l5.us,43.205.63.18
http-82.23.208.92.53,.3l5.us,43.205.61.0
http-83.24.207.93.52,.3l5.us,43.205.54.3
http-84.25.206.94.51,.3l5.us,43.205.47.168
http-85.26.205.95.50,.3l5.us,43.205.164.52
http-86.27.204.96.49,.3l5.us,43.205.183.76
http-87.28.203.97.48,.3l5.us,43.205.51.237
http-88.29.202.98.47,.3l5.us,43.205.37.87
http-89.30.201.99.46,.3l5.us,43.205.13.54
http-90.31.200.11.45,.3l5.us,43.205.18.10
http-91.32.199.12.44,.3l5.us,43.205.33.119
http-92.33.198.13.43,.3l5.us,43.205.6.4
http-93.34.197.14.42,.3l5.us,43.205.83.146
http-94.35.196.15.41,.3l5.us,43.205.88.245
http-95.36.195.16.40,.3l5.us,43.205.9.85
http-96.37.194.17.39,.3l5.us,43.205.15.100
http-97.38.193.18.38,.3l5.us,43.205.28.94
http-98.39.192.19.37,.3l5.us,43.205.30.39
http-99.40.191.20.36,.3l5.us,43.205.152.237
http-100.11.288.21.35,.3l5.us,43.205.81.162
http-101.12.287.22.34,.3l5.us,43.205.151.113
http-102.13.286.23.33,.3l5.us,43.205.24.156
http-103.14.285.24.32,.3l5.us,43.205.35.37
http-104.15.284.25.31,.3l5.us,43.205.76.9
http-105.16.283.26.30,.3l5.us,43.205.180.232
http-106.17.282.27.29,.3l5.us,43.205.163.56
http-107.18.281.28.28,.3l5.us,43.205.152.141
http-108.19.280.29.27,.3l5.us,43.205.226.36
http-109.20.279.30.26,.3l5.us,43.205.102.178
http-110.21.278.31.25,.3l5.us,43.205.82.169
http-111.22.277.32.24,.3l5.us,43.205.63.18
http-112.23.276.33.23,.3l5.us,43.205.61.0
http-113.24.275.34.22,.3l5.us,43.205.54.3
http-114.25.274.35.21,.3l5.us,43.205.47.168
http-115.26.273.36.20,.3l5.us,43.205.164.52
http-116.27.272.37.19,.3l5.us,43.205.183.76
http-117.28.271.38.18,.3l5.us,43.205.51.237
http-118.29.270.39.17,.3l5.us,43.205.37.87
http-119.30.269.40.16,.3l5.us,43.205.13.54
http-120.31.268.41.15,.3l5.us,43.205.18.10
http-121.32.267.42.14,.3l5.us,43.205.33.119
http-122.33.266.43.13,.3l5.us,43.205.6.4
http-123.34.265.44.12,.3l5.us,43.205.83.146
http-124.35.264.45.11,.3l5.us,43.205.88.245
http-125.36.263.46.10,.3l5.us,43.205.9.85
http-126.37.262.47.99,.3l5.us,43.205.15.100
http-127.38.261.48.98,.3l5.us,43.205.28.94
http-128.39.260.49.97,.3l5.us,43.205.30.39
http-129.40.259.50.96,.3l5.us,43.205.152.237
http-130.41.258.51.95,.3l5.us,43.205.81.162
http-131.42.257.52.94,.3l5.us,43.205.151.113
http-132.43.256.53.93,.3l5.us,43.205.24.156
http-133.44.255.54.92,.3l5.us,43.205.35.37
http-134.45.254.55.91,.3l5.us,43.205.76.9
http-135.46.253.56.90,.3l5.us,43.205.180.232
http-136.47.252.57.89,.3l5.us,43.205.163.56
http-137.48.251.58.88,.3l5.us,43.205.152.141
http-138.49.250.59.87,.3l5.us,43.205.226.36
http-139.50.249.60.86,.3l5.us,43.205.102.178
http-140.51.248.61.85,.3l5.us,43.205.82.169
http-141.52.247.62.84,.3l5.us,43.205.63.18
http-142.53.246.63.83,.3l5.us,43.205.61.0
http-143.54.245.64.82,.3l5.us,43.205.54.3
http-144.55.244.65.81,.3l5.us,43.205.47.168
http-145.56.243.66.80,.3l5.us,43.205.164.52
http-146.57.242.67.79,.3l5.us,43.205.183.76
http-147.58.241.68.78,.3l5.us,43.205.51.237
http-148.59.240.69.77,.3l5.us,43.205.37.87
http-149.60.239.70.76,.3l5.us,43.205.13.54
http-150.61.238.71.75,.3l5.us,43.205.18.10
http-151.62.237.72.74,.3l5.us,43.205.33.119
http-152.63.236.73.73,.3l5.us,43.205.6.4
http-153.64.235.74.72,.3l5.us,43.205.83.146
http-154.65.234.75.71,.3l5.us,43.205.88.245
http-155.66.233.76.70,.3l5.us,43.205.9.85
http-156.67.232.77.69,.3l5.us,43.205.15.100
http-157.68.231.78.68,.3l5.us,43.205.28.94
http-158.69.230.79.67,.3l5.us,43.205.30.39
http-159.70.229.80.66,.3l5.us,43.205.152.237
http-160.71.228.81.65,.3l5.us,43.205.81.162
http-161.72.227.82.64,.3l5.us,43.205.151.113
http-162.73.226.83.63,.3l5.us,43.205.24.156
http-163.74.225.84.62,.3l5.us,43.205.35.37
http-164.75.224.85.61,.3l5.us,43.205.76.9
http-165.76.223.86.60,.3l5.us,43.205.180.232
http-166.77.222.87.59,.3l5.us,43.205.163.56
http-167.78.221.88.58,.3l5.us,43.205.152.141
http-168.79.220.89.57,.3l5.us,43.205.226.36
http-169.80.219.90.56,.3l5.us,43.205.102.178
http-170.81.218.91.55,.3l5.us,43.205.82.169
http-171.82.217.92.54,.3l5.us,43.205.63.18
http-172.83.216.93.53,.3l5.us,43.205.61.0
http-173.84.215.94.52,.3l5.us,43.205.54.3
http-174.85.214.95.51,.3l5.us,43.205.47.168
http-175.86.213.96.50,.3l5.us,43.205.164.52
super-05.285.15.284,.3l5.us,43.205.183.76
super-09.281.19.280,.3l5.us,43.205.51.237
super-10.280.20.279,.3l5.us,43.205.37.87
super-11.279.21.278,.3l5.us,43.205.13.54
super-13.277.23.276,.3l5.us,43.205.18.10
super-14.276.24.275,.3l5.us,43.205.33.119
super-15.275.25.274,.3l5.us,43.205.6.4
super-16.274.26.273,.3l5.us,43.205.83.146
super-17.273.27.272,.3l5.us,43.205.88.245
super-18.272.28.271,.3l5.us,43.205.9.85
super-19.271.29.270,.3l5.us,43.205.15.100
super-20.270.30.269,.3l5.us,43.205.28.94
super-21.269.31.268,.3l5.us,43.205.30.39
super-22.268.32.267,.3l5.us,43.205.152.237
super-23.267.33.266,.3l5.us,43.205.81.162
super-24.266.34.265,.3l5.us,43.205.151.113
super-25.265.35.264,.3l5.us,43.205.24.156
super-26.264.36.263,.3l5.us,43.205.35.37
super-27.263.37.262,.3l5.us,43.205.76.9
super-28.262.38.261,.3l5.us,43.205.180.232
super-29.261.39.260,.3l5.us,43.205.163.56
super-30.260.40.259,.3l5.us,43.205.152.141
vproxy-01.289.11.288,.3l5.us,43.205.226.36
vproxy-02.288.12.287,.3l5.us,43.205.102.178
vproxy-03.287.13.286,.3l5.us,43.205.82.169
vproxy-04.286.14.285,.3l5.us,43.205.63.18
vproxy-05.285.15.284,.3l5.us,43.205.61.0
vproxy-06.284.16.283,.3l5.us,43.205.54.3
vproxy-07.283.17.282,.3l5.us,43.205.47.168
vproxy-08.282.18.281,.3l5.us,43.205.164.52
vproxy-09.281.19.280,.3l5.us,43.205.183.76
vproxy-10.280.20.279,.3l5.us,43.205.51.237
soc-12.32.278.22.277,.815.be,43.205.37.87
soc-13.33.277.23.276,.815.be,43.205.13.54
soc-14.34.276.24.275,.815.be,43.205.18.10
soc-15.35.275.25.274,.815.be,43.205.33.119
soc-16.36.274.26.273,.815.be,43.205.6.4
soc-17.37.273.27.272,.815.be,43.205.83.146
soc-18.38.272.28.271,.815.be,43.205.88.245
soc-19.39.271.29.270,.815.be,43.205.9.85
soc-20.40.270.30.269,.815.be,43.205.15.100
gol-12.32.278.22.277,.815.be,43.205.28.94
gol-14.34.276.24.275,.815.be,43.205.30.39
gol-16.36.274.26.273,.815.be,43.205.152.237
gol-18.38.272.28.271,.815.be,43.205.81.162
gol-20.40.270.30.269,.815.be,43.205.151.113
gol-21.41.269.31.268,.815.be,43.205.24.156
gol-22.42.268.32.267,.815.be,43.205.35.37
gol-23.43.267.33.266,.815.be,43.205.76.9
gol-24.44.266.34.265,.815.be,43.205.180.232
gol-25.45.265.35.264,.815.be,43.205.163.56
gol-26.46.264.36.263,.815.be,43.205.152.141
gol-27.47.263.37.262,.815.be,43.205.226.36
gol-28.48.262.38.261,.815.be,43.205.102.178
gol-29.49.261.39.260,.815.be,43.205.82.169
gol-30.50.260.40.259,.815.be,43.205.63.18
gol-31.51.259.41.258,.815.be,43.205.61.0
gol-32.52.258.42.257,.815.be,43.205.54.3
gol-33.53.257.43.256,.815.be,43.205.47.168
gol-34.54.256.44.255,.815.be,43.205.164.52
gol-35.55.255.45.254,.815.be,43.205.183.76
gol-36.56.254.46.253,.815.be,43.205.51.237
gol-37.57.253.47.252,.815.be,43.205.37.87
gol-38.58.252.48.251,.815.be,43.205.13.54
gol-39.59.251.49.250,.815.be,43.205.18.10
gol-40.60.250.50.249,.815.be,43.205.33.119
dimond-01.289.11.288,.815.be,43.205.6.4
dimond-03.287.13.286,.815.be,43.205.83.146
dimond-05.285.15.284,.815.be,43.205.88.245
dimond-06.284.16.283,.815.be,43.205.9.85
dimond-07.283.17.282,.815.be,43.205.15.100
dimond-08.282.18.281,.815.be,43.205.28.94
dimond-09.281.19.280,.815.be,43.205.30.39
dimond-10.280.20.279,.815.be,43.205.152.237
dimond-11.279.21.278,.815.be,43.205.81.162
dimond-12.278.22.277,.815.be,43.205.151.113
dimond-13.277.23.276,.815.be,43.205.24.156
dimond-14.276.24.275,.815.be,43.205.35.37
dimond-15.275.25.274,.815.be,43.205.76.9
dimond-16.274.26.273,.815.be,43.205.180.232
dimond-17.273.27.272,.815.be,43.205.163.56
dimond-18.272.28.271,.815.be,43.205.152.141
dimond-19.271.29.270,.815.be,43.205.226.36
dimond-20.270.30.269,.815.be,43.205.102.178
dimond-21.269.31.268,.815.be,43.205.82.169
dimond-22.268.32.267,.815.be,43.205.63.18
dimond-23.267.33.266,.815.be,43.205.61.0
dimond-24.266.34.265,.815.be,43.205.54.3
dimond-25.265.35.264,.815.be,43.205.47.168
dimond-26.264.36.263,.815.be,43.205.164.52
dimond-27.263.37.262,.815.be,43.205.183.76
dimond-28.262.38.261,.815.be,43.205.51.237
dimond-29.261.39.260,.815.be,43.205.37.87
dimond-30.260.40.259,.815.be,43.205.13.54
dimond-31.259.41.258,.815.be,43.205.18.10
dimond-32.258.42.257,.815.be,43.205.33.119
dimond-33.257.43.256,.815.be,43.205.6.4
dimond-34.256.44.255,.815.be,43.205.83.146
dimond-35.255.45.254,.815.be,43.205.88.245
dimond-36.254.46.253,.815.be,43.205.9.85
dimond-37.253.47.252,.815.be,43.205.15.100
dimond-38.252.48.251,.815.be,43.205.28.94
dimond-39.251.49.250,.815.be,43.205.30.39
dimond-40.250.50.249,.815.be,43.205.152.237
ibmp-01.21.289.11.288,.3l5.us,169.38.96.90
ibmp-02.22.288.12.287,.3l5.us,169.38.85.215
ibmp-03.23.287.13.286,.3l5.us,169.38.85.195
ibmp-04.24.286.14.285,.3l5.us,169.38.85.213
ibmp-05.25.285.15.284,.3l5.us,169.38.85.221
ibmp-06.26.284.16.283,.3l5.us,169.38.85.204
ibmp-07.27.283.17.282,.3l5.us,169.38.85.214
ibmp-08.28.282.18.281,.3l5.us,169.38.85.203
ibmp-09.29.281.19.280,.3l5.us,169.38.85.218
ibmp-10.30.280.20.279,.3l5.us,169.38.96.84
