orc-03.23.287.13.286,.3l5.us,34.126.211.137
any-01.21.289.11.288,.3l5.us,34.131.215.31
any-02.22.288.12.287,.3l5.us,34.131.26.12
any-03.23.287.13.286,.3l5.us,34.131.247.79
any-04.24.286.14.285,.3l5.us,34.126.216.26
any-05.25.285.15.284,.3l5.us,34.131.249.6
any-06.26.284.16.283,.3l5.us,34.131.151.255
any-07.27.283.17.282,.3l5.us,34.131.126.50
any-08.28.282.18.281,.3l5.us,34.131.241.58
any-09.29.281.19.280,.3l5.us,34.126.223.247
any-10.30.280.20.279,.3l5.us,34.131.50.158
any-11.31.279.21.278,.3l5.us,34.131.69.53
any-12.32.278.22.277,.3l5.us,34.131.28.57
any-13.33.277.23.276,.3l5.us,34.131.219.89
any-14.34.276.24.275,.3l5.us,34.131.97.188
any-15.35.275.25.274,.3l5.us,34.131.151.145
any-16.36.274.26.273,.3l5.us,34.131.23.207
any-17.37.273.27.272,.3l5.us,34.131.223.18
any-18.38.272.28.271,.3l5.us,34.131.52.34
any-19.39.271.29.270,.3l5.us,34.126.222.51
any-20.40.270.30.269,.3l5.us,34.126.211.137
any-21.41.269.31.268,.3l5.us,34.131.215.31
any-22.42.268.32.267,.3l5.us,34.131.26.12
any-23.43.267.33.266,.3l5.us,34.131.247.79
any-24.44.266.34.265,.3l5.us,34.126.216.26
any-25.45.265.35.264,.3l5.us,34.131.249.6
any-26.46.264.36.263,.3l5.us,34.131.151.255
any-27.47.263.37.262,.3l5.us,34.131.126.50
any-28.48.262.38.261,.3l5.us,34.131.241.58
any-29.49.261.39.260,.3l5.us,34.126.223.247
any-30.50.260.40.259,.3l5.us,34.131.50.158
any-31.51.259.41.258,.3l5.us,34.131.69.53
any-32.52.258.42.257,.3l5.us,34.131.28.57
any-33.53.257.43.256,.3l5.us,34.131.219.89
any-34.54.256.44.255,.3l5.us,34.131.97.188
any-35.55.255.45.254,.3l5.us,34.131.151.145
all-01.21.289.11.288,.3l5.us,34.131.23.207
all-02.22.288.12.287,.3l5.us,34.131.223.18
all-03.23.287.13.286,.3l5.us,34.131.52.34
all-04.24.286.14.285,.3l5.us,34.126.222.51
all-05.25.285.15.284,.3l5.us,34.126.211.137
all-06.26.284.16.283,.3l5.us,34.131.215.31
all-07.27.283.17.282,.3l5.us,34.131.26.12
all-08.28.282.18.281,.3l5.us,34.131.247.79
all-09.29.281.19.280,.3l5.us,34.126.216.26
all-10.30.280.20.279,.3l5.us,34.131.249.6
soc-01.21.289.11.288,.815.be,34.131.151.255
soc-03.23.287.13.286,.815.be,34.131.126.50
soc-05.25.285.15.284,.815.be,34.131.241.58
soc-06.26.284.16.283,.815.be,34.126.223.247
soc-07.27.283.17.282,.815.be,34.131.50.158
soc-08.28.282.18.281,.815.be,34.131.69.53
soc-09.29.281.19.280,.815.be,34.131.28.57
soc-10.30.280.20.279,.815.be,34.131.219.89
soc-11.31.279.21.278,.815.be,34.131.97.188
soc-12.32.278.22.277,.815.be,34.131.151.145
soc-13.33.277.23.276,.815.be,34.131.23.207
soc-14.34.276.24.275,.815.be,34.131.223.18
soc-15.35.275.25.274,.815.be,34.131.52.34
soc-16.36.274.26.273,.815.be,34.126.222.51
soc-17.37.273.27.272,.815.be,34.126.211.137
soc-18.38.272.28.271,.815.be,34.131.215.31
soc-19.39.271.29.270,.815.be,34.131.26.12
soc-20.40.270.30.269,.815.be,34.131.247.79
gol-01.21.289.11.288,.815.be,34.126.216.26
gol-04.24.286.14.285,.815.be,34.131.249.6
gol-06.26.284.16.283,.815.be,34.131.151.255
gol-07.27.283.17.282,.815.be,34.131.126.50
gol-08.28.282.18.281,.815.be,34.131.241.58
gol-09.29.281.19.280,.815.be,34.126.223.247
gol-10.30.280.20.279,.815.be,34.131.50.158
gol-11.31.279.21.278,.815.be,34.131.69.53
gol-12.32.278.22.277,.815.be,34.131.28.57
gol-13.33.277.23.276,.815.be,34.131.219.89
gol-14.34.276.24.275,.815.be,34.131.97.188
gol-15.35.275.25.274,.815.be,34.131.151.145
gol-16.36.274.26.273,.815.be,34.131.23.207
gol-17.37.273.27.272,.815.be,34.131.223.18
gol-18.38.272.28.271,.815.be,34.131.52.34
gol-19.39.271.29.270,.815.be,34.126.222.51
gol-20.40.270.30.269,.815.be,34.126.223.247
lin-01.21.289.11.288,.815.be,172.105.39.123
lin-02.22.288.12.287,.815.be,172.105.39.128
lin-03.23.287.13.286,.815.be,172.105.39.20
lin-04.24.286.14.285,.815.be,172.105.39.21
lin-05.25.285.15.284,.815.be,172.105.39.64
lin-06.26.284.16.283,.815.be,172.105.39.123
lin-07.27.283.17.282,.815.be,172.105.39.128
lin-08.28.282.18.281,.815.be,172.105.39.20
lin-09.29.281.19.280,.815.be,172.105.39.21
lin-10.30.280.20.279,.815.be,172.105.39.64
lin-11.31.279.21.278,.815.be,172.105.39.123
lin-12.32.278.22.277,.815.be,172.105.39.128
lin-13.33.277.23.276,.815.be,172.105.39.20
lin-14.34.276.24.275,.815.be,172.105.39.21
lin-15.35.275.25.274,.815.be,172.105.39.64
lin-16.36.274.26.273,.815.be,172.105.39.123
lin-17.37.273.27.272,.815.be,172.105.39.128
lin-18.38.272.28.271,.815.be,172.105.39.20
lin-19.39.271.29.270,.815.be,172.105.39.21
lin-20.40.270.30.269,.815.be,172.105.39.64
dimond-01.289.11.288,.815.be,8.220.30.92
dimond-02.288.12.287,.815.be,147.139.64.248
dimond-03.287.13.286,.815.be,149.129.179.67
dimond-04.286.14.285,.815.be,149.129.146.180
dimond-05.285.15.284,.815.be,147.139.67.164
dimond-06.284.16.283,.815.be,8.220.30.92
dimond-07.283.17.282,.815.be,147.139.64.248
dimond-08.282.18.281,.815.be,149.129.179.67
dimond-09.281.19.280,.815.be,149.129.146.180
dimond-10.280.20.279,.815.be,147.139.67.164
